-- MySQL dump 10.13  Distrib 8.4.3, for Linux (aarch64)
--
-- Host: localhost    Database: books_development
-- ------------------------------------------------------
-- Server version	8.4.3

/*!40101 SET @OLD_CHARACTER_SET_CLIENT=@@CHARACTER_SET_CLIENT */;
/*!40101 SET @OLD_CHARACTER_SET_RESULTS=@@CHARACTER_SET_RESULTS */;
/*!40101 SET @OLD_COLLATION_CONNECTION=@@COLLATION_CONNECTION */;
/*!50503 SET NAMES utf8mb4 */;
/*!40103 SET @OLD_TIME_ZONE=@@TIME_ZONE */;
/*!40103 SET TIME_ZONE='+00:00' */;
/*!40014 SET @OLD_UNIQUE_CHECKS=@@UNIQUE_CHECKS, UNIQUE_CHECKS=0 */;
/*!40014 SET @OLD_FOREIGN_KEY_CHECKS=@@FOREIGN_KEY_CHECKS, FOREIGN_KEY_CHECKS=0 */;
/*!40101 SET @OLD_SQL_MODE=@@SQL_MODE, SQL_MODE='NO_AUTO_VALUE_ON_ZERO' */;
/*!40111 SET @OLD_SQL_NOTES=@@SQL_NOTES, SQL_NOTES=0 */;

--
-- Table structure for table `authors`
--

DROP TABLE IF EXISTS `authors`;
/*!40101 SET @saved_cs_client     = @@character_set_client */;
/*!50503 SET character_set_client = utf8mb4 */;
CREATE TABLE `authors` (
  `id` bigint unsigned NOT NULL AUTO_INCREMENT,
  `name` varchar(255) COLLATE utf8mb4_unicode_ci NOT NULL,
  `created_at` timestamp NULL DEFAULT NULL,
  `updated_at` timestamp NULL DEFAULT NULL,
  PRIMARY KEY (`id`)
) ENGINE=InnoDB AUTO_INCREMENT=17 DEFAULT CHARSET=utf8mb4 COLLATE=utf8mb4_unicode_ci;
/*!40101 SET character_set_client = @saved_cs_client */;

--
-- Dumping data for table `authors`
--

LOCK TABLES `authors` WRITE;
/*!40000 ALTER TABLE `authors` DISABLE KEYS */;
INSERT INTO `authors` VALUES (1,'Lucy Liu','2024-12-06 06:58:19','2024-12-06 08:50:56'),(4,'Bar Code','2024-12-06 07:36:26','2024-12-06 08:51:10'),(5,'Creator','2024-12-06 08:33:08','2024-12-06 08:33:08'),(7,'Lucy','2024-12-06 08:48:03','2024-12-06 08:48:03'),(8,'Joseph Stalin','2024-12-06 09:34:12','2024-12-06 09:34:12'),(9,'Columbus Vandervort','2024-12-06 15:21:48','2024-12-06 15:21:48'),(10,'Dr. Kennith Schmeler Jr.','2024-12-06 15:21:48','2024-12-06 15:21:48'),(11,'Mrs. Sabina Dietrich','2024-12-06 15:21:48','2024-12-06 15:21:48'),(12,'Leilani Leuschke','2024-12-06 15:21:48','2024-12-06 15:21:48'),(13,'Mr. Alejandrin Mueller','2024-12-06 15:24:01','2024-12-06 15:24:01'),(14,'Lorenzo Kihn','2024-12-06 15:24:01','2024-12-06 15:24:01'),(15,'Terrill Schaden V','2024-12-06 15:24:01','2024-12-06 15:24:01'),(16,'Myah McKenzie','2024-12-06 15:24:01','2024-12-06 15:24:01');
/*!40000 ALTER TABLE `authors` ENABLE KEYS */;
UNLOCK TABLES;

--
-- Table structure for table `books`
--

DROP TABLE IF EXISTS `books`;
/*!40101 SET @saved_cs_client     = @@character_set_client */;
/*!50503 SET character_set_client = utf8mb4 */;
CREATE TABLE `books` (
  `id` bigint unsigned NOT NULL AUTO_INCREMENT,
  `title` varchar(255) COLLATE utf8mb4_unicode_ci NOT NULL,
  `year` int NOT NULL,
  `category_id` bigint unsigned NOT NULL,
  `author_id` bigint unsigned NOT NULL,
  `created_at` timestamp NULL DEFAULT NULL,
  `updated_at` timestamp NULL DEFAULT NULL,
  PRIMARY KEY (`id`),
  KEY `books_category_id_foreign` (`category_id`),
  KEY `books_author_id_foreign` (`author_id`),
  CONSTRAINT `books_author_id_foreign` FOREIGN KEY (`author_id`) REFERENCES `authors` (`id`) ON DELETE CASCADE,
  CONSTRAINT `books_category_id_foreign` FOREIGN KEY (`category_id`) REFERENCES `categories` (`id`) ON DELETE CASCADE
) ENGINE=InnoDB AUTO_INCREMENT=507 DEFAULT CHARSET=utf8mb4 COLLATE=utf8mb4_unicode_ci;
/*!40101 SET character_set_client = @saved_cs_client */;

--
-- Dumping data for table `books`
--

LOCK TABLES `books` WRITE;
/*!40000 ALTER TABLE `books` DISABLE KEYS */;
INSERT INTO `books` VALUES (1,'The Alchemist',1982,2,7,'2024-12-06 13:14:41','2024-12-06 13:35:22'),(5,'Laut Bercerita',2020,2,1,'2024-12-06 13:41:41','2024-12-06 13:41:41'),(7,'Aut vero aliquam voluptate nisi aliquam recusandae vitae.',2020,8,15,'2024-12-06 15:24:01','2024-12-06 15:24:01'),(8,'Possimus dolores nesciunt consequuntur laudantium.',1992,11,13,'2024-12-06 15:24:01','2024-12-06 15:24:01'),(9,'Exercitationem voluptatem tempore molestiae repellat sed eveniet.',1993,8,15,'2024-12-06 15:24:01','2024-12-06 15:24:01'),(10,'Veritatis voluptate porro autem autem nam repudiandae quibusdam non.',2002,11,13,'2024-12-06 15:24:01','2024-12-06 15:24:01'),(11,'Sint voluptatem vero et non.',2013,9,15,'2024-12-06 15:24:01','2024-12-06 15:24:01'),(12,'Laboriosam delectus maxime impedit ut est.',1981,8,16,'2024-12-06 15:24:01','2024-12-06 15:24:01'),(13,'Qui ea et minus repudiandae voluptas eveniet.',1994,9,13,'2024-12-06 15:24:01','2024-12-06 15:24:01'),(14,'Eius repellendus sint et ad qui.',1979,9,13,'2024-12-06 15:24:01','2024-12-06 15:24:01'),(15,'Cumque ipsa sint veritatis.',1984,10,15,'2024-12-06 15:24:01','2024-12-06 15:24:01'),(16,'Culpa alias voluptas occaecati omnis.',1992,11,14,'2024-12-06 15:24:01','2024-12-06 15:24:01'),(17,'Qui voluptatibus magnam autem eum consequatur.',2020,11,16,'2024-12-06 15:24:01','2024-12-06 15:24:01'),(18,'Nihil et velit et qui.',1988,10,14,'2024-12-06 15:24:01','2024-12-06 15:24:01'),(19,'Et natus et praesentium magnam.',2015,9,14,'2024-12-06 15:24:01','2024-12-06 15:24:01'),(20,'Et nisi omnis voluptatem consectetur officiis ea veniam.',2016,10,15,'2024-12-06 15:24:01','2024-12-06 15:24:01'),(21,'Quisquam architecto est sunt non et sit.',1972,10,14,'2024-12-06 15:24:01','2024-12-06 15:24:01'),(22,'Odio dolor tempora autem est nostrum eos.',1970,10,14,'2024-12-06 15:24:01','2024-12-06 15:24:01'),(23,'Sed est vel numquam magnam omnis veritatis culpa.',1985,11,15,'2024-12-06 15:24:01','2024-12-06 15:24:01'),(24,'Quisquam nulla dolorem dolorum corporis.',1971,9,14,'2024-12-06 15:24:01','2024-12-06 15:24:01'),(25,'Accusantium voluptas quisquam sapiente omnis aliquam.',2010,8,13,'2024-12-06 15:24:01','2024-12-06 15:24:01'),(26,'Est voluptate nostrum iste.',2022,8,15,'2024-12-06 15:24:01','2024-12-06 15:24:01'),(27,'Dolor cum sunt expedita error sit nisi aliquam nemo.',1982,9,14,'2024-12-06 15:24:01','2024-12-06 15:24:01'),(28,'Nam aut odio nihil et non.',2002,11,14,'2024-12-06 15:24:01','2024-12-06 15:24:01'),(29,'Reprehenderit voluptatem minus itaque nihil.',2017,10,13,'2024-12-06 15:24:01','2024-12-06 15:24:01'),(30,'Et voluptatem nihil delectus nisi suscipit eveniet.',1971,9,16,'2024-12-06 15:24:01','2024-12-06 15:24:01'),(31,'Maxime corrupti in optio magnam.',1995,8,16,'2024-12-06 15:24:01','2024-12-06 15:24:01'),(32,'Deserunt culpa et labore ipsa aut aliquam rem.',2017,9,16,'2024-12-06 15:24:01','2024-12-06 15:24:01'),(33,'Quas velit nobis qui unde omnis consequuntur.',2023,11,14,'2024-12-06 15:24:01','2024-12-06 15:24:01'),(34,'Est dolor ea corporis.',2020,10,13,'2024-12-06 15:24:01','2024-12-06 15:24:01'),(35,'Expedita voluptas deleniti nihil non.',1981,10,16,'2024-12-06 15:24:01','2024-12-06 15:24:01'),(36,'Dolorem et ut praesentium saepe.',2024,10,14,'2024-12-06 15:24:01','2024-12-06 15:24:01'),(37,'Architecto odit qui laborum.',1982,11,16,'2024-12-06 15:24:01','2024-12-06 15:24:01'),(38,'Et hic totam eos totam.',2010,10,15,'2024-12-06 15:24:01','2024-12-06 15:24:01'),(39,'Molestias et ea ex odio qui est.',1996,9,16,'2024-12-06 15:24:01','2024-12-06 15:24:01'),(40,'Et officia ut veritatis inventore est possimus.',1998,9,13,'2024-12-06 15:24:01','2024-12-06 15:24:01'),(41,'Ducimus amet cumque omnis qui quisquam assumenda fugit sunt.',2020,9,15,'2024-12-06 15:24:01','2024-12-06 15:24:01'),(42,'Sunt repellat perspiciatis ducimus voluptatem est assumenda.',1970,10,16,'2024-12-06 15:24:01','2024-12-06 15:24:01'),(43,'Commodi nihil hic fugiat hic minus facere.',1991,11,13,'2024-12-06 15:24:01','2024-12-06 15:24:01'),(44,'Excepturi atque error et nisi molestiae sint.',2010,10,16,'2024-12-06 15:24:01','2024-12-06 15:24:01'),(45,'Architecto nemo impedit culpa.',1975,8,15,'2024-12-06 15:24:01','2024-12-06 15:24:01'),(46,'Neque id consequatur omnis saepe neque.',2008,11,16,'2024-12-06 15:24:01','2024-12-06 15:24:01'),(47,'Et ut reiciendis minus assumenda numquam id nobis.',2014,8,14,'2024-12-06 15:24:01','2024-12-06 15:24:01'),(48,'Et nemo ex aliquid animi vitae dolorem quam dolores.',1997,10,15,'2024-12-06 15:24:01','2024-12-06 15:24:01'),(49,'Aut et iusto reiciendis quia omnis quos.',2011,8,14,'2024-12-06 15:24:01','2024-12-06 15:24:01'),(50,'Ea beatae quisquam enim dolor ducimus natus corrupti consequatur.',1975,11,15,'2024-12-06 15:24:01','2024-12-06 15:24:01'),(51,'Occaecati quas facere rerum expedita aut minima neque.',2002,10,13,'2024-12-06 15:24:01','2024-12-06 15:24:01'),(52,'Similique culpa non voluptatum.',2003,8,16,'2024-12-06 15:24:01','2024-12-06 15:24:01'),(53,'Id labore sit beatae perferendis voluptatem doloremque exercitationem.',1976,11,15,'2024-12-06 15:24:01','2024-12-06 15:24:01'),(54,'Eum nobis est officia culpa fuga quam.',1990,8,15,'2024-12-06 15:24:01','2024-12-06 15:24:01'),(55,'Quam minus id sit eum totam cumque quam sed.',2006,9,13,'2024-12-06 15:24:01','2024-12-06 15:24:01'),(56,'Aut et sint commodi est et quae.',2012,10,16,'2024-12-06 15:24:01','2024-12-06 15:24:01'),(57,'Odit et esse earum explicabo.',2004,10,16,'2024-12-06 15:24:01','2024-12-06 15:24:01'),(58,'Voluptatem expedita sed nisi quis numquam dolor.',1999,8,14,'2024-12-06 15:24:01','2024-12-06 15:24:01'),(59,'Molestiae fugiat quis autem culpa molestias impedit natus.',2003,8,13,'2024-12-06 15:24:01','2024-12-06 15:24:01'),(60,'Velit atque officiis saepe aliquid sunt iste illo voluptatem.',2017,10,14,'2024-12-06 15:24:01','2024-12-06 15:24:01'),(61,'Illo necessitatibus quis magnam dolor et beatae excepturi.',1970,11,16,'2024-12-06 15:24:01','2024-12-06 15:24:01'),(62,'Culpa ut enim voluptatem corrupti nisi.',2022,8,15,'2024-12-06 15:24:01','2024-12-06 15:24:01'),(63,'Adipisci accusamus eum et nostrum ad explicabo quibusdam.',1987,8,13,'2024-12-06 15:24:01','2024-12-06 15:24:01'),(64,'Pariatur accusamus beatae qui ea ut non repudiandae corrupti.',1994,10,14,'2024-12-06 15:24:01','2024-12-06 15:24:01'),(65,'Laborum porro rerum vel debitis.',2017,10,16,'2024-12-06 15:24:01','2024-12-06 15:24:01'),(66,'Odio nemo cum cupiditate molestias eos.',1989,10,16,'2024-12-06 15:24:01','2024-12-06 15:24:01'),(67,'Reprehenderit cumque excepturi atque ut praesentium libero.',1970,8,15,'2024-12-06 15:24:01','2024-12-06 15:24:01'),(68,'Non ducimus nesciunt numquam nobis.',2008,11,15,'2024-12-06 15:24:01','2024-12-06 15:24:01'),(69,'Accusantium amet dolore eum architecto.',1973,10,13,'2024-12-06 15:24:01','2024-12-06 15:24:01'),(70,'Aut quisquam incidunt numquam voluptatem aspernatur ea neque.',2001,9,15,'2024-12-06 15:24:01','2024-12-06 15:24:01'),(71,'Impedit illum doloremque consequatur deserunt quidem in.',2003,8,13,'2024-12-06 15:24:01','2024-12-06 15:24:01'),(72,'Ipsa temporibus rem quibusdam ad.',2013,10,14,'2024-12-06 15:24:01','2024-12-06 15:24:01'),(73,'Reiciendis officia sunt fugit maxime ab.',2001,11,14,'2024-12-06 15:24:01','2024-12-06 15:24:01'),(74,'Maiores dignissimos alias odit quos dolorem.',2022,8,16,'2024-12-06 15:24:01','2024-12-06 15:24:01'),(75,'Sint assumenda eveniet in sapiente reprehenderit pariatur sunt.',2009,11,14,'2024-12-06 15:24:01','2024-12-06 15:24:01'),(76,'Est quae expedita et illo.',1984,9,15,'2024-12-06 15:24:01','2024-12-06 15:24:01'),(77,'Culpa consequatur temporibus rem.',2016,10,13,'2024-12-06 15:24:01','2024-12-06 15:24:01'),(78,'Quo animi ad quibusdam aut error beatae maiores voluptas.',1986,10,13,'2024-12-06 15:24:01','2024-12-06 15:24:01'),(79,'Natus veritatis a possimus quia qui cupiditate neque.',1972,11,14,'2024-12-06 15:24:01','2024-12-06 15:24:01'),(80,'Provident rerum nobis ut quia placeat.',2020,11,14,'2024-12-06 15:24:01','2024-12-06 15:24:01'),(81,'Eum ipsam et rerum qui.',1999,8,16,'2024-12-06 15:24:01','2024-12-06 15:24:01'),(82,'Enim labore voluptas et et commodi maiores quam.',1987,8,13,'2024-12-06 15:24:01','2024-12-06 15:24:01'),(83,'Praesentium quidem molestias quae aut ipsa rerum eius.',1990,11,13,'2024-12-06 15:24:01','2024-12-06 15:24:01'),(84,'Magnam sunt vel aut et vel debitis velit et.',1998,10,13,'2024-12-06 15:24:01','2024-12-06 15:24:01'),(85,'Qui rerum inventore voluptatibus qui et deserunt adipisci.',1989,9,14,'2024-12-06 15:24:01','2024-12-06 15:24:01'),(86,'Tempora voluptates aliquid sint cum officia perspiciatis.',1989,11,14,'2024-12-06 15:24:01','2024-12-06 15:24:01'),(87,'Porro sequi possimus perspiciatis minima ut nisi eum.',2004,9,13,'2024-12-06 15:24:01','2024-12-06 15:24:01'),(88,'Eos reprehenderit ut incidunt nesciunt eos ea eum.',2006,10,15,'2024-12-06 15:24:01','2024-12-06 15:24:01'),(89,'Soluta deserunt rerum nobis velit nulla.',1992,8,16,'2024-12-06 15:24:01','2024-12-06 15:24:01'),(90,'Eaque sed cum incidunt pariatur adipisci tempora.',1997,8,15,'2024-12-06 15:24:01','2024-12-06 15:24:01'),(91,'Unde quo eos quidem officia autem.',2015,11,14,'2024-12-06 15:24:01','2024-12-06 15:24:01'),(92,'A fugiat perspiciatis quo eum reiciendis quisquam.',1981,10,15,'2024-12-06 15:24:01','2024-12-06 15:24:01'),(93,'Sunt qui dolores culpa officia.',2011,11,15,'2024-12-06 15:24:01','2024-12-06 15:24:01'),(94,'Aut occaecati enim saepe optio debitis aspernatur eveniet.',2009,8,14,'2024-12-06 15:24:01','2024-12-06 15:24:01'),(95,'Accusamus suscipit repellat repellat soluta.',2019,8,13,'2024-12-06 15:24:01','2024-12-06 15:24:01'),(96,'A sed asperiores quas temporibus laudantium dignissimos et minus.',1984,8,14,'2024-12-06 15:24:01','2024-12-06 15:24:01'),(97,'Aliquid ad impedit sint magnam in eligendi.',1992,10,13,'2024-12-06 15:24:01','2024-12-06 15:24:01'),(98,'Mollitia aperiam iusto quis dolorem et.',2005,10,14,'2024-12-06 15:24:01','2024-12-06 15:24:01'),(99,'Aut enim labore id provident dolorum quo pariatur.',1980,8,15,'2024-12-06 15:24:01','2024-12-06 15:24:01'),(100,'Est corrupti id maiores beatae ratione.',2023,11,14,'2024-12-06 15:24:01','2024-12-06 15:24:01'),(101,'Ducimus eum sint porro aut.',1991,9,14,'2024-12-06 15:24:01','2024-12-06 15:24:01'),(102,'Exercitationem illum magni ducimus facere dicta.',2003,8,15,'2024-12-06 15:24:01','2024-12-06 15:24:01'),(103,'Perspiciatis suscipit vel eum est unde sequi sit error.',2005,8,14,'2024-12-06 15:24:01','2024-12-06 15:24:01'),(104,'Consectetur ut assumenda et et est.',1977,10,13,'2024-12-06 15:24:01','2024-12-06 15:24:01'),(105,'Odit eum quia impedit perspiciatis.',2002,8,13,'2024-12-06 15:24:01','2024-12-06 15:24:01'),(106,'Nihil est ut enim dolorem officia consequatur.',2004,9,16,'2024-12-06 15:24:01','2024-12-06 15:24:01'),(107,'Aliquid labore quasi tenetur eos et dolor dolor.',2023,11,16,'2024-12-06 15:24:01','2024-12-06 15:24:01'),(108,'Quis facere nulla odio dolorem.',1989,8,16,'2024-12-06 15:24:01','2024-12-06 15:24:01'),(109,'Sit sequi est nam.',2008,10,16,'2024-12-06 15:24:01','2024-12-06 15:24:01'),(110,'Facilis ad et repellat officia fugiat recusandae.',1981,10,16,'2024-12-06 15:24:01','2024-12-06 15:24:01'),(111,'Qui ut quos hic.',1973,9,15,'2024-12-06 15:24:01','2024-12-06 15:24:01'),(112,'Facere repudiandae autem omnis.',1977,10,15,'2024-12-06 15:24:01','2024-12-06 15:24:01'),(113,'Sit qui qui dolores eius odit est dolorem voluptatem.',1993,10,13,'2024-12-06 15:24:01','2024-12-06 15:24:01'),(114,'Nihil asperiores non ut animi dolorem.',2011,8,14,'2024-12-06 15:24:01','2024-12-06 15:24:01'),(115,'Sit amet accusamus nulla nesciunt.',1976,9,14,'2024-12-06 15:24:01','2024-12-06 15:24:01'),(116,'Assumenda eligendi qui itaque nulla hic aperiam vel.',1972,10,13,'2024-12-06 15:24:01','2024-12-06 15:24:01'),(117,'Soluta aliquam nemo quia illum quisquam.',2010,8,16,'2024-12-06 15:24:01','2024-12-06 15:24:01'),(118,'Aliquam velit pariatur quas consectetur excepturi enim.',1993,11,13,'2024-12-06 15:24:01','2024-12-06 15:24:01'),(119,'Illo dolor id maiores illum quidem unde.',2012,9,16,'2024-12-06 15:24:01','2024-12-06 15:24:01'),(120,'Maxime sunt est sed fuga recusandae accusamus facilis.',1996,11,13,'2024-12-06 15:24:01','2024-12-06 15:24:01'),(121,'Eos laborum consequuntur nemo dolorem harum quia saepe vel.',1971,8,16,'2024-12-06 15:24:01','2024-12-06 15:24:01'),(122,'Recusandae ut ut dolorem est recusandae.',1981,8,16,'2024-12-06 15:24:01','2024-12-06 15:24:01'),(123,'Atque quis neque doloribus quidem officiis.',2007,9,16,'2024-12-06 15:24:01','2024-12-06 15:24:01'),(124,'Nisi quos porro voluptas.',1980,10,14,'2024-12-06 15:24:01','2024-12-06 15:24:01'),(125,'Voluptatum voluptatem ad fuga nemo eos laudantium maiores.',2006,10,14,'2024-12-06 15:24:01','2024-12-06 15:24:01'),(126,'Nihil quae vero iure ut.',1999,11,15,'2024-12-06 15:24:01','2024-12-06 15:24:01'),(127,'Aut ipsam optio eos porro non.',1981,10,13,'2024-12-06 15:24:01','2024-12-06 15:24:01'),(128,'Aliquam omnis a quia temporibus.',1998,11,13,'2024-12-06 15:24:01','2024-12-06 15:24:01'),(129,'Labore est consectetur blanditiis iure enim placeat.',1989,10,14,'2024-12-06 15:24:01','2024-12-06 15:24:01'),(130,'Tempore a laboriosam quos eius.',1973,8,13,'2024-12-06 15:24:01','2024-12-06 15:24:01'),(131,'Sed vitae nihil eos quos et.',1975,11,15,'2024-12-06 15:24:01','2024-12-06 15:24:01'),(132,'In esse id aut perferendis architecto dolorem.',2005,10,16,'2024-12-06 15:24:01','2024-12-06 15:24:01'),(133,'Occaecati ipsa non hic rem nulla.',2006,8,15,'2024-12-06 15:24:01','2024-12-06 15:24:01'),(134,'Ea est veniam rerum est ea quod laudantium.',1970,9,15,'2024-12-06 15:24:01','2024-12-06 15:24:01'),(135,'Architecto facere laudantium aliquam ut voluptatem qui non.',1988,11,15,'2024-12-06 15:24:01','2024-12-06 15:24:01'),(136,'Reprehenderit quos modi perspiciatis iure.',1980,8,15,'2024-12-06 15:24:01','2024-12-06 15:24:01'),(137,'Et neque quia velit delectus.',1998,10,15,'2024-12-06 15:24:01','2024-12-06 15:24:01'),(138,'Dolorum culpa nam est sint.',2012,10,13,'2024-12-06 15:24:01','2024-12-06 15:24:01'),(139,'Fuga molestiae et commodi iste id qui.',1972,11,15,'2024-12-06 15:24:01','2024-12-06 15:24:01'),(140,'Et illo ex beatae voluptas unde enim corporis.',2021,11,13,'2024-12-06 15:24:01','2024-12-06 15:24:01'),(141,'Sit dolore quos aliquam libero dolores id.',2019,11,14,'2024-12-06 15:24:01','2024-12-06 15:24:01'),(142,'Corrupti ad fugiat voluptas voluptate recusandae dolor recusandae.',2008,10,16,'2024-12-06 15:24:01','2024-12-06 15:24:01'),(143,'Eveniet magni doloremque ipsam quidem.',2000,8,13,'2024-12-06 15:24:01','2024-12-06 15:24:01'),(144,'Aspernatur voluptas autem sequi omnis voluptatem ea maiores.',1986,9,15,'2024-12-06 15:24:01','2024-12-06 15:24:01'),(145,'Ad sed veritatis ut ut sunt.',2018,10,16,'2024-12-06 15:24:01','2024-12-06 15:24:01'),(146,'Distinctio nostrum est dolorum harum.',1971,9,13,'2024-12-06 15:24:01','2024-12-06 15:24:01'),(147,'Voluptate eveniet cum hic harum quibusdam.',1988,9,14,'2024-12-06 15:24:01','2024-12-06 15:24:01'),(148,'Est sequi voluptas ratione provident.',1971,10,14,'2024-12-06 15:24:01','2024-12-06 15:24:01'),(149,'Atque ut placeat a autem modi voluptatem et nam.',1986,10,14,'2024-12-06 15:24:01','2024-12-06 15:24:01'),(150,'Ut sed animi ratione ut dignissimos.',1987,11,14,'2024-12-06 15:24:01','2024-12-06 15:24:01'),(151,'Inventore ut debitis ut voluptatem.',2010,11,16,'2024-12-06 15:24:01','2024-12-06 15:24:01'),(152,'Voluptas qui beatae temporibus rerum.',1977,9,13,'2024-12-06 15:24:01','2024-12-06 15:24:01'),(153,'Iusto numquam repellendus vitae consequatur vitae possimus ut.',1991,11,16,'2024-12-06 15:24:01','2024-12-06 15:24:01'),(154,'Velit eius similique accusantium voluptas nihil voluptatem.',1970,11,14,'2024-12-06 15:24:01','2024-12-06 15:24:01'),(155,'Accusamus est ipsam cum est velit eum.',1982,10,13,'2024-12-06 15:24:01','2024-12-06 15:24:01'),(156,'In rerum aperiam est ut id asperiores.',2007,8,14,'2024-12-06 15:24:01','2024-12-06 15:24:01'),(157,'Quia perferendis enim fugit.',1998,9,13,'2024-12-06 15:24:01','2024-12-06 15:24:01'),(158,'Est doloribus vel eum quod.',2023,9,14,'2024-12-06 15:24:01','2024-12-06 15:24:01'),(159,'Est impedit expedita illum voluptatibus.',1971,11,13,'2024-12-06 15:24:01','2024-12-06 15:24:01'),(160,'Aspernatur et sit voluptas explicabo.',1977,10,15,'2024-12-06 15:24:01','2024-12-06 15:24:01'),(161,'Ut atque voluptas possimus eum mollitia asperiores distinctio impedit.',1988,11,16,'2024-12-06 15:24:01','2024-12-06 15:24:01'),(162,'Autem aliquam ut ut ab nam odit assumenda.',1973,10,15,'2024-12-06 15:24:01','2024-12-06 15:24:01'),(163,'Eum asperiores quae officiis accusamus deserunt expedita.',1980,9,14,'2024-12-06 15:24:01','2024-12-06 15:24:01'),(164,'Suscipit quisquam non quasi.',1971,10,14,'2024-12-06 15:24:01','2024-12-06 15:24:01'),(165,'Et harum numquam hic ratione aut sed deserunt.',2024,10,16,'2024-12-06 15:24:01','2024-12-06 15:24:01'),(166,'Vel et dolore praesentium nobis occaecati debitis id fugiat.',2024,11,16,'2024-12-06 15:24:01','2024-12-06 15:24:01'),(167,'Ex repellat illo ea dolores quae magnam perspiciatis.',1971,8,16,'2024-12-06 15:24:01','2024-12-06 15:24:01'),(168,'Cum quisquam aut dolor quasi.',1975,10,16,'2024-12-06 15:24:01','2024-12-06 15:24:01'),(169,'Eligendi ipsa nobis ipsa adipisci.',2024,10,16,'2024-12-06 15:24:01','2024-12-06 15:24:01'),(170,'Accusantium amet odio inventore.',1999,8,15,'2024-12-06 15:24:01','2024-12-06 15:24:01'),(171,'Porro explicabo modi est dolore laudantium.',1984,8,13,'2024-12-06 15:24:01','2024-12-06 15:24:01'),(172,'Culpa animi ducimus aut laborum consequuntur qui.',1982,10,14,'2024-12-06 15:24:01','2024-12-06 15:24:01'),(173,'Aut dolorem libero tempore ea expedita rem maxime qui.',2024,10,16,'2024-12-06 15:24:01','2024-12-06 15:24:01'),(174,'Esse numquam est et magnam sint itaque.',1973,9,15,'2024-12-06 15:24:01','2024-12-06 15:24:01'),(175,'Id similique in aperiam dolorem ab aut distinctio.',2014,10,15,'2024-12-06 15:24:01','2024-12-06 15:24:01'),(176,'Voluptas omnis deleniti sequi repellat nesciunt optio.',1983,11,16,'2024-12-06 15:24:01','2024-12-06 15:24:01'),(177,'Impedit sit neque ut voluptas.',1985,9,14,'2024-12-06 15:24:01','2024-12-06 15:24:01'),(178,'Explicabo dolores facere explicabo libero quia hic debitis officiis.',1971,11,15,'2024-12-06 15:24:01','2024-12-06 15:24:01'),(179,'Autem enim laborum ut.',1975,10,14,'2024-12-06 15:24:01','2024-12-06 15:24:01'),(180,'Et reprehenderit sed neque deleniti.',1995,9,16,'2024-12-06 15:24:01','2024-12-06 15:24:01'),(181,'Et sequi molestiae id soluta iure aperiam.',1979,11,15,'2024-12-06 15:24:01','2024-12-06 15:24:01'),(182,'Accusantium dolorem facilis repellat quia.',2018,11,16,'2024-12-06 15:24:01','2024-12-06 15:24:01'),(183,'Ut odio saepe tempore quo voluptatem eos.',1991,8,14,'2024-12-06 15:24:01','2024-12-06 15:24:01'),(184,'Ut qui id dolor atque ut earum quod.',2006,11,15,'2024-12-06 15:24:01','2024-12-06 15:24:01'),(185,'Quo eligendi et fuga minima ab.',1983,11,13,'2024-12-06 15:24:01','2024-12-06 15:24:01'),(186,'Possimus nesciunt cum earum ut.',2005,10,13,'2024-12-06 15:24:01','2024-12-06 15:24:01'),(187,'Qui voluptatem exercitationem accusamus commodi saepe quisquam error.',1995,10,13,'2024-12-06 15:24:01','2024-12-06 15:24:01'),(188,'Odio aut minima reiciendis quo.',2013,8,16,'2024-12-06 15:24:01','2024-12-06 15:24:01'),(189,'Deleniti aut mollitia sunt dolores id cumque impedit.',2022,10,13,'2024-12-06 15:24:01','2024-12-06 15:24:01'),(190,'Ab fuga vel ullam consequuntur.',1991,9,16,'2024-12-06 15:24:01','2024-12-06 15:24:01'),(191,'Quia et repellat modi.',1990,8,13,'2024-12-06 15:24:01','2024-12-06 15:24:01'),(192,'Consectetur tempora et molestiae nam voluptas.',2023,8,13,'2024-12-06 15:24:01','2024-12-06 15:24:01'),(193,'Necessitatibus rerum eveniet laudantium.',1982,10,13,'2024-12-06 15:24:01','2024-12-06 15:24:01'),(194,'Quia aspernatur error voluptatem ipsa.',1972,11,14,'2024-12-06 15:24:01','2024-12-06 15:24:01'),(195,'Corporis qui ea ipsam quis.',2019,9,16,'2024-12-06 15:24:01','2024-12-06 15:24:01'),(196,'Sequi quam qui placeat assumenda adipisci ipsa.',2014,10,13,'2024-12-06 15:24:01','2024-12-06 15:24:01'),(197,'Delectus est dolorem voluptatem quia.',1991,9,13,'2024-12-06 15:24:01','2024-12-06 15:24:01'),(198,'Omnis ut ut tenetur quae.',2007,11,16,'2024-12-06 15:24:01','2024-12-06 15:24:01'),(199,'Similique eveniet ut sint repellendus beatae ut enim asperiores.',1970,10,15,'2024-12-06 15:24:01','2024-12-06 15:24:01'),(200,'Id amet et error voluptates.',2004,9,16,'2024-12-06 15:24:01','2024-12-06 15:24:01'),(201,'Autem et neque natus animi non ex cumque.',1999,11,14,'2024-12-06 15:24:01','2024-12-06 15:24:01'),(202,'Quis animi quo vel architecto distinctio.',2023,10,13,'2024-12-06 15:24:01','2024-12-06 15:24:01'),(203,'Non perferendis vel ea corrupti eum quo ut.',2020,9,16,'2024-12-06 15:24:01','2024-12-06 15:24:01'),(204,'Quae commodi officiis maxime facere.',1995,9,15,'2024-12-06 15:24:01','2024-12-06 15:24:01'),(205,'Non autem aut rem blanditiis nulla deserunt.',1996,9,13,'2024-12-06 15:24:01','2024-12-06 15:24:01'),(206,'Necessitatibus voluptas omnis et sit sit veniam.',1976,9,15,'2024-12-06 15:24:01','2024-12-06 15:24:01'),(207,'Numquam omnis labore reprehenderit magni eligendi necessitatibus.',2010,8,13,'2024-12-06 15:24:01','2024-12-06 15:24:01'),(208,'Sunt aut consequatur neque veniam exercitationem eius.',1982,10,16,'2024-12-06 15:24:01','2024-12-06 15:24:01'),(209,'Autem sint dolorum iste dolores in.',1984,9,14,'2024-12-06 15:24:01','2024-12-06 15:24:01'),(210,'Ut fugit neque saepe id vel quis.',1997,11,13,'2024-12-06 15:24:01','2024-12-06 15:24:01'),(211,'Incidunt consequatur quod dolores.',1988,8,15,'2024-12-06 15:24:01','2024-12-06 15:24:01'),(212,'Perferendis porro optio vitae cupiditate iste.',1996,9,14,'2024-12-06 15:24:01','2024-12-06 15:24:01'),(213,'Aut omnis velit facere sunt accusantium.',2014,8,14,'2024-12-06 15:24:01','2024-12-06 15:24:01'),(214,'Atque commodi inventore aspernatur sint.',2010,11,16,'2024-12-06 15:24:01','2024-12-06 15:24:01'),(215,'Voluptas iste magni culpa.',1983,8,13,'2024-12-06 15:24:01','2024-12-06 15:24:01'),(216,'Reprehenderit ex suscipit aliquam aliquam rerum a.',1993,8,14,'2024-12-06 15:24:01','2024-12-06 15:24:01'),(217,'Suscipit rem et quae porro provident neque.',1977,9,15,'2024-12-06 15:24:01','2024-12-06 15:24:01'),(218,'Ea harum voluptates similique sit optio quaerat dicta.',1989,8,15,'2024-12-06 15:24:01','2024-12-06 15:24:01'),(219,'Tempora quas nesciunt et at ab doloribus.',1986,10,14,'2024-12-06 15:24:01','2024-12-06 15:24:01'),(220,'Et alias rerum quod voluptas vitae aut atque.',1989,9,13,'2024-12-06 15:24:01','2024-12-06 15:24:01'),(221,'Eum suscipit ut enim ex culpa.',2021,10,15,'2024-12-06 15:24:01','2024-12-06 15:24:01'),(222,'Aperiam vel qui minus qui.',1978,8,14,'2024-12-06 15:24:01','2024-12-06 15:24:01'),(223,'Quis maiores hic ipsam.',2005,10,13,'2024-12-06 15:24:01','2024-12-06 15:24:01'),(224,'Architecto nulla numquam est accusamus.',1973,11,15,'2024-12-06 15:24:01','2024-12-06 15:24:01'),(225,'Aspernatur qui totam occaecati voluptas fugit.',1978,11,13,'2024-12-06 15:24:01','2024-12-06 15:24:01'),(226,'Voluptate magnam sunt delectus nihil ut eius ipsam.',1980,11,16,'2024-12-06 15:24:01','2024-12-06 15:24:01'),(227,'Aut sint atque voluptas ut distinctio labore odit.',1971,10,13,'2024-12-06 15:24:01','2024-12-06 15:24:01'),(228,'Velit atque dicta quia quaerat fuga odio blanditiis.',2004,11,13,'2024-12-06 15:24:01','2024-12-06 15:24:01'),(229,'Dolores voluptas iusto delectus explicabo beatae.',2002,10,14,'2024-12-06 15:24:01','2024-12-06 15:24:01'),(230,'Culpa aut numquam veniam qui fugit et.',2011,10,13,'2024-12-06 15:24:01','2024-12-06 15:24:01'),(231,'Placeat dolore voluptas nobis corporis.',2004,10,16,'2024-12-06 15:24:01','2024-12-06 15:24:01'),(232,'Incidunt est odit totam.',2020,11,16,'2024-12-06 15:24:01','2024-12-06 15:24:01'),(233,'Reiciendis dignissimos ad magni quam.',2001,8,13,'2024-12-06 15:24:01','2024-12-06 15:24:01'),(234,'Voluptatem non consequatur commodi quia.',1987,9,14,'2024-12-06 15:24:01','2024-12-06 15:24:01'),(235,'Nemo aliquam architecto itaque.',2023,8,15,'2024-12-06 15:24:01','2024-12-06 15:24:01'),(236,'Minus exercitationem voluptas sequi perferendis quas.',1984,11,13,'2024-12-06 15:24:01','2024-12-06 15:24:01'),(237,'Cumque tenetur architecto ad repellat ratione qui.',1983,10,14,'2024-12-06 15:24:01','2024-12-06 15:24:01'),(238,'Sapiente reprehenderit non modi mollitia voluptatem iusto consectetur praesentium.',2009,8,13,'2024-12-06 15:24:01','2024-12-06 15:24:01'),(239,'Eum ut rerum qui atque.',1996,11,16,'2024-12-06 15:24:01','2024-12-06 15:24:01'),(240,'A possimus dolorum molestias nobis.',1996,9,16,'2024-12-06 15:24:01','2024-12-06 15:24:01'),(241,'Enim pariatur numquam quisquam sunt minima.',1992,11,13,'2024-12-06 15:24:01','2024-12-06 15:24:01'),(242,'Mollitia iure atque sit odio.',1987,9,16,'2024-12-06 15:24:01','2024-12-06 15:24:01'),(243,'Suscipit laboriosam aut corrupti eos.',2023,10,13,'2024-12-06 15:24:01','2024-12-06 15:24:01'),(244,'Ut eaque ipsa culpa delectus iste provident quo.',1972,9,13,'2024-12-06 15:24:01','2024-12-06 15:24:01'),(245,'Quia veniam eaque doloribus.',1993,8,15,'2024-12-06 15:24:01','2024-12-06 15:24:01'),(246,'Doloremque minus soluta soluta pariatur beatae iusto nulla.',1992,10,14,'2024-12-06 15:24:01','2024-12-06 15:24:01'),(247,'Veniam iusto magni omnis ipsam consequatur quia.',1978,11,15,'2024-12-06 15:24:01','2024-12-06 15:24:01'),(248,'Est sed vero aut voluptas occaecati explicabo placeat.',1999,9,14,'2024-12-06 15:24:01','2024-12-06 15:24:01'),(249,'Aut a quia omnis voluptates maiores placeat.',2010,9,15,'2024-12-06 15:24:01','2024-12-06 15:24:01'),(250,'Optio quis sapiente quos dolores.',1991,11,14,'2024-12-06 15:24:01','2024-12-06 15:24:01'),(251,'Deleniti et et omnis libero voluptatem.',2016,9,13,'2024-12-06 15:24:01','2024-12-06 15:24:01'),(252,'Omnis rerum sed voluptas fuga dolores tenetur.',1996,10,13,'2024-12-06 15:24:01','2024-12-06 15:24:01'),(253,'Ullam autem voluptate perferendis libero.',1980,9,16,'2024-12-06 15:24:01','2024-12-06 15:24:01'),(254,'Beatae veritatis aliquam aliquid doloremque molestias consequuntur.',2004,9,13,'2024-12-06 15:24:01','2024-12-06 15:24:01'),(255,'Reiciendis quis dignissimos libero eius.',1981,8,13,'2024-12-06 15:24:01','2024-12-06 15:24:01'),(256,'Itaque eius non aperiam.',1990,11,16,'2024-12-06 15:24:01','2024-12-06 15:24:01'),(257,'Quo impedit aut blanditiis eligendi vitae amet amet placeat.',1972,8,15,'2024-12-06 15:24:01','2024-12-06 15:24:01'),(258,'Ut nam sunt molestiae voluptas nam.',2001,10,15,'2024-12-06 15:24:01','2024-12-06 15:24:01'),(259,'Et qui corrupti consequatur et asperiores non quidem.',1989,11,13,'2024-12-06 15:24:01','2024-12-06 15:24:01'),(260,'Recusandae quo possimus magni placeat impedit distinctio.',1978,10,14,'2024-12-06 15:24:01','2024-12-06 15:24:01'),(261,'Laboriosam veritatis molestiae sequi suscipit esse possimus dolores.',1980,11,15,'2024-12-06 15:24:01','2024-12-06 15:24:01'),(262,'Voluptas suscipit voluptatem occaecati voluptates.',2023,11,13,'2024-12-06 15:24:01','2024-12-06 15:24:01'),(263,'Officiis rerum a iure qui.',2001,9,14,'2024-12-06 15:24:01','2024-12-06 15:24:01'),(264,'Non id corrupti quia dolorum quis numquam molestiae sed.',2020,11,13,'2024-12-06 15:24:01','2024-12-06 15:24:01'),(265,'Ut sunt quia aut ducimus et.',2001,9,15,'2024-12-06 15:24:01','2024-12-06 15:24:01'),(266,'Ea inventore ipsa aut exercitationem ut quod.',2003,9,15,'2024-12-06 15:24:01','2024-12-06 15:24:01'),(267,'Tenetur dolorum illum voluptatem ut quae nam sit.',1989,8,13,'2024-12-06 15:24:01','2024-12-06 15:24:01'),(268,'Maiores autem molestiae fugit ut.',1983,11,14,'2024-12-06 15:24:01','2024-12-06 15:24:01'),(269,'Dolorum eum quia recusandae sapiente esse minus voluptatem est.',1986,11,15,'2024-12-06 15:24:01','2024-12-06 15:24:01'),(270,'Ullam id soluta harum autem eos eum.',1971,8,15,'2024-12-06 15:24:01','2024-12-06 15:24:01'),(271,'Ea qui quis sint.',2001,8,15,'2024-12-06 15:24:01','2024-12-06 15:24:01'),(272,'Assumenda quia voluptas dolor ratione deserunt laudantium dignissimos.',2002,8,13,'2024-12-06 15:24:01','2024-12-06 15:24:01'),(273,'Consequatur consectetur et et porro omnis.',2024,9,16,'2024-12-06 15:24:01','2024-12-06 15:24:01'),(274,'Est omnis recusandae voluptatum et dolor incidunt facere.',2002,10,14,'2024-12-06 15:24:01','2024-12-06 15:24:01'),(275,'Quae labore porro repudiandae quo velit.',2015,11,16,'2024-12-06 15:24:01','2024-12-06 15:24:01'),(276,'Quo vitae quae harum veniam hic.',2023,8,15,'2024-12-06 15:24:01','2024-12-06 15:24:01'),(277,'Nulla sunt consequuntur est sequi et et.',2021,11,16,'2024-12-06 15:24:01','2024-12-06 15:24:01'),(278,'Iste tempora asperiores dolor molestiae doloremque.',2010,11,15,'2024-12-06 15:24:01','2024-12-06 15:24:01'),(279,'Maiores nisi quis est quae.',1974,8,13,'2024-12-06 15:24:01','2024-12-06 15:24:01'),(280,'Delectus dolore deleniti modi consequatur velit aut.',2015,10,14,'2024-12-06 15:24:01','2024-12-06 15:24:01'),(281,'Placeat iste eos dolor.',1982,9,13,'2024-12-06 15:24:01','2024-12-06 15:24:01'),(282,'At sed ut nostrum adipisci blanditiis quis natus.',1984,9,15,'2024-12-06 15:24:01','2024-12-06 15:24:01'),(283,'Amet necessitatibus voluptatibus quidem est voluptatum.',2021,8,13,'2024-12-06 15:24:01','2024-12-06 15:24:01'),(284,'Fuga fugiat a reiciendis architecto molestiae.',1998,11,13,'2024-12-06 15:24:01','2024-12-06 15:24:01'),(285,'At ratione est omnis qui omnis.',1993,10,16,'2024-12-06 15:24:01','2024-12-06 15:24:01'),(286,'Rem et ex eos aut dicta pariatur.',2009,8,15,'2024-12-06 15:24:01','2024-12-06 15:24:01'),(287,'Harum omnis illum dolor autem itaque libero praesentium.',1981,9,14,'2024-12-06 15:24:01','2024-12-06 15:24:01'),(288,'Qui facilis corrupti porro molestias dolores.',2008,10,13,'2024-12-06 15:24:01','2024-12-06 15:24:01'),(289,'A voluptatibus sapiente est id aut.',2018,10,14,'2024-12-06 15:24:01','2024-12-06 15:24:01'),(290,'Quia nemo quam ea atque maiores reprehenderit.',2014,10,14,'2024-12-06 15:24:01','2024-12-06 15:24:01'),(291,'Harum ipsam temporibus sit velit ea occaecati voluptatum.',1981,10,13,'2024-12-06 15:24:01','2024-12-06 15:24:01'),(292,'Necessitatibus nemo tempore illo est sint sed impedit.',1979,11,13,'2024-12-06 15:24:01','2024-12-06 15:24:01'),(293,'Corrupti rerum provident hic repudiandae cumque.',2024,10,13,'2024-12-06 15:24:01','2024-12-06 15:24:01'),(294,'Ea eos saepe fugiat exercitationem laboriosam.',1993,10,14,'2024-12-06 15:24:01','2024-12-06 15:24:01'),(295,'Doloribus amet quis ipsam qui voluptas aut.',1981,9,16,'2024-12-06 15:24:01','2024-12-06 15:24:01'),(296,'Placeat accusamus occaecati harum tempora natus rerum.',2013,10,13,'2024-12-06 15:24:01','2024-12-06 15:24:01'),(297,'Maiores repellendus natus consectetur animi.',1988,11,14,'2024-12-06 15:24:01','2024-12-06 15:24:01'),(298,'Voluptatem exercitationem omnis eos.',1978,8,13,'2024-12-06 15:24:01','2024-12-06 15:24:01'),(299,'Alias eveniet cupiditate ab.',1984,9,14,'2024-12-06 15:24:01','2024-12-06 15:24:01'),(300,'Quibusdam molestiae nesciunt voluptas est.',1987,10,16,'2024-12-06 15:24:01','2024-12-06 15:24:01'),(301,'Est error autem mollitia iusto beatae sint veritatis.',2021,11,15,'2024-12-06 15:24:01','2024-12-06 15:24:01'),(302,'Enim sed maiores repellat iusto maxime fugit.',1980,10,15,'2024-12-06 15:24:01','2024-12-06 15:24:01'),(303,'Ad vel quo aut.',1979,10,14,'2024-12-06 15:24:01','2024-12-06 15:24:01'),(304,'Quia blanditiis et ad vero nam dolor necessitatibus cum.',2001,8,15,'2024-12-06 15:24:01','2024-12-06 15:24:01'),(305,'Id et consequatur atque ab commodi.',1989,10,14,'2024-12-06 15:24:01','2024-12-06 15:24:01'),(306,'Et omnis et dolor perspiciatis.',2021,11,13,'2024-12-06 15:24:01','2024-12-06 15:24:01'),(307,'Perspiciatis ut quaerat at fuga impedit.',1989,11,14,'2024-12-06 15:24:01','2024-12-06 15:24:01'),(308,'Sit id exercitationem voluptatem iure molestiae.',1999,9,14,'2024-12-06 15:24:01','2024-12-06 15:24:01'),(309,'Vel dolores voluptates dicta ad et quasi.',1996,8,16,'2024-12-06 15:24:01','2024-12-06 15:24:01'),(310,'Exercitationem velit ipsum possimus architecto suscipit ut voluptatem.',2009,8,15,'2024-12-06 15:24:01','2024-12-06 15:24:01'),(311,'Modi quia dolore hic suscipit quisquam sed velit.',2005,8,13,'2024-12-06 15:24:01','2024-12-06 15:24:01'),(312,'Dolorem necessitatibus voluptatum ullam ex a maiores.',1987,11,13,'2024-12-06 15:24:01','2024-12-06 15:24:01'),(313,'Dignissimos atque qui quo enim.',1988,9,15,'2024-12-06 15:24:01','2024-12-06 15:24:01'),(314,'Et cumque animi sit reiciendis doloribus ut.',1995,9,14,'2024-12-06 15:24:01','2024-12-06 15:24:01'),(315,'Aut quidem nihil dicta quia aut ut.',1986,10,14,'2024-12-06 15:24:01','2024-12-06 15:24:01'),(316,'Sunt qui officiis id sunt quidem fugit dolorem.',2012,10,15,'2024-12-06 15:24:01','2024-12-06 15:24:01'),(317,'Sint optio itaque in consequatur harum numquam.',1998,8,14,'2024-12-06 15:24:01','2024-12-06 15:24:01'),(318,'Eos delectus sapiente dicta ipsa repellat culpa.',2016,9,13,'2024-12-06 15:24:01','2024-12-06 15:24:01'),(319,'Voluptas voluptas quia iusto quo maxime mollitia qui veritatis.',2015,10,15,'2024-12-06 15:24:01','2024-12-06 15:24:01'),(320,'Consequatur placeat non eum perspiciatis dolores aliquam similique accusamus.',1980,11,13,'2024-12-06 15:24:01','2024-12-06 15:24:01'),(321,'Totam perferendis animi impedit nemo ducimus eos tenetur.',1983,10,14,'2024-12-06 15:24:01','2024-12-06 15:24:01'),(322,'Veniam est ut eius dignissimos ex labore.',2008,8,16,'2024-12-06 15:24:01','2024-12-06 15:24:01'),(323,'Sequi hic ut quis nihil autem consectetur.',2013,9,13,'2024-12-06 15:24:01','2024-12-06 15:24:01'),(324,'Magni aut quis molestias illum nemo.',2000,11,13,'2024-12-06 15:24:01','2024-12-06 15:24:01'),(325,'Error porro eveniet laborum hic sed.',2019,8,13,'2024-12-06 15:24:01','2024-12-06 15:24:01'),(326,'Asperiores quis dolore quia sint eius quidem.',1987,10,16,'2024-12-06 15:24:01','2024-12-06 15:24:01'),(327,'Aut sit qui consequatur magni enim similique quos distinctio.',2006,8,15,'2024-12-06 15:24:01','2024-12-06 15:24:01'),(328,'Omnis dolores facere quisquam voluptates quidem odit.',1987,11,13,'2024-12-06 15:24:01','2024-12-06 15:24:01'),(329,'Adipisci sunt ducimus eveniet ea.',2014,8,14,'2024-12-06 15:24:01','2024-12-06 15:24:01'),(330,'Quia non magnam quam.',1971,8,16,'2024-12-06 15:24:01','2024-12-06 15:24:01'),(331,'Sed cupiditate voluptatum assumenda neque fugiat occaecati.',2023,11,13,'2024-12-06 15:24:01','2024-12-06 15:24:01'),(332,'Sit voluptatem et repellendus.',1977,9,15,'2024-12-06 15:24:01','2024-12-06 15:24:01'),(333,'Quas ea blanditiis incidunt.',2011,11,13,'2024-12-06 15:24:01','2024-12-06 15:24:01'),(334,'A soluta porro sunt voluptate.',2024,11,14,'2024-12-06 15:24:01','2024-12-06 15:24:01'),(335,'Est error accusantium debitis aliquam.',1992,9,14,'2024-12-06 15:24:01','2024-12-06 15:24:01'),(336,'Non aut harum delectus eveniet ipsam molestias veritatis.',2004,9,14,'2024-12-06 15:24:01','2024-12-06 15:24:01'),(337,'Repellendus vel ad eius ut.',2001,9,13,'2024-12-06 15:24:01','2024-12-06 15:24:01'),(338,'Aliquam repudiandae eos fuga qui aliquam dolorem iure.',1999,8,13,'2024-12-06 15:24:01','2024-12-06 15:24:01'),(339,'Illo quia qui optio vel.',1974,10,13,'2024-12-06 15:24:01','2024-12-06 15:24:01'),(340,'Consequatur non aut blanditiis quis sint.',2021,9,15,'2024-12-06 15:24:01','2024-12-06 15:24:01'),(341,'Qui debitis illum quod nihil in dolor et.',1983,8,15,'2024-12-06 15:24:01','2024-12-06 15:24:01'),(342,'Ducimus harum hic voluptatem sed reiciendis ut libero atque.',2024,8,16,'2024-12-06 15:24:01','2024-12-06 15:24:01'),(343,'Repellat fugiat reprehenderit consequatur rem perferendis nostrum.',1972,11,14,'2024-12-06 15:24:01','2024-12-06 15:24:01'),(344,'Saepe sint eum eos quod doloremque beatae veniam.',2023,11,14,'2024-12-06 15:24:01','2024-12-06 15:24:01'),(345,'Aut aut facilis tenetur est.',2023,8,14,'2024-12-06 15:24:01','2024-12-06 15:24:01'),(346,'Aut iste expedita dignissimos.',1991,8,16,'2024-12-06 15:24:01','2024-12-06 15:24:01'),(347,'Molestiae blanditiis est commodi dolor.',2015,9,16,'2024-12-06 15:24:01','2024-12-06 15:24:01'),(348,'Sint non velit ut rem ut.',2012,10,16,'2024-12-06 15:24:01','2024-12-06 15:24:01'),(349,'Ut est distinctio quia possimus sequi sequi.',2002,11,15,'2024-12-06 15:24:01','2024-12-06 15:24:01'),(350,'Consequatur et dolor sit provident quis alias qui sed.',2016,8,16,'2024-12-06 15:24:01','2024-12-06 15:24:01'),(351,'Ut est laboriosam itaque laborum qui veniam.',1974,8,14,'2024-12-06 15:24:01','2024-12-06 15:24:01'),(352,'Distinctio esse sit voluptatem nemo quia fuga corporis.',2002,9,13,'2024-12-06 15:24:01','2024-12-06 15:24:01'),(353,'Numquam recusandae aspernatur facilis molestiae.',1992,8,15,'2024-12-06 15:24:01','2024-12-06 15:24:01'),(354,'Rerum eius reiciendis odit minus reprehenderit eligendi.',1973,8,16,'2024-12-06 15:24:01','2024-12-06 15:24:01'),(355,'Quos et beatae excepturi omnis qui corporis velit.',2002,9,16,'2024-12-06 15:24:01','2024-12-06 15:24:01'),(356,'Sit dolorum autem quod voluptatum magnam deserunt.',2011,10,15,'2024-12-06 15:24:01','2024-12-06 15:24:01'),(357,'Amet libero sunt in ab eos.',2015,9,13,'2024-12-06 15:24:01','2024-12-06 15:24:01'),(358,'Qui dignissimos rerum id fugit tempora eveniet.',1994,11,15,'2024-12-06 15:24:01','2024-12-06 15:24:01'),(359,'Quod distinctio officia qui eum et.',1972,9,15,'2024-12-06 15:24:01','2024-12-06 15:24:01'),(360,'Quam aperiam et modi fugiat nemo.',1996,11,16,'2024-12-06 15:24:01','2024-12-06 15:24:01'),(361,'Tempore autem veniam nesciunt asperiores.',2014,11,15,'2024-12-06 15:24:01','2024-12-06 15:24:01'),(362,'Similique reiciendis sit aperiam tempora.',2018,9,14,'2024-12-06 15:24:01','2024-12-06 15:24:01'),(363,'Molestiae rerum unde sit qui.',2017,10,15,'2024-12-06 15:24:01','2024-12-06 15:24:01'),(364,'Excepturi nemo inventore iste nam quaerat.',1976,9,13,'2024-12-06 15:24:01','2024-12-06 15:24:01'),(365,'Ut vitae odit placeat.',2006,8,13,'2024-12-06 15:24:01','2024-12-06 15:24:01'),(366,'Qui sunt aliquam possimus voluptates commodi.',1984,8,16,'2024-12-06 15:24:01','2024-12-06 15:24:01'),(367,'Mollitia aut eveniet recusandae ut sunt quae et et.',1991,10,15,'2024-12-06 15:24:01','2024-12-06 15:24:01'),(368,'Voluptas eaque possimus eum impedit.',1972,11,13,'2024-12-06 15:24:01','2024-12-06 15:24:01'),(369,'Perspiciatis est vel est velit praesentium dolorum ipsum atque.',1986,8,16,'2024-12-06 15:24:01','2024-12-06 15:24:01'),(370,'Aperiam repudiandae natus facere adipisci qui officiis.',2020,10,15,'2024-12-06 15:24:01','2024-12-06 15:24:01'),(371,'Impedit doloribus ratione ad dicta debitis ut ea.',1996,9,14,'2024-12-06 15:24:01','2024-12-06 15:24:01'),(372,'Et tempore aut voluptatem et et.',1971,9,14,'2024-12-06 15:24:01','2024-12-06 15:24:01'),(373,'Odio praesentium nostrum qui eos eos et nostrum.',1983,11,16,'2024-12-06 15:24:01','2024-12-06 15:24:01'),(374,'Est impedit cupiditate rerum.',1975,8,15,'2024-12-06 15:24:01','2024-12-06 15:24:01'),(375,'Quo commodi voluptatibus est id incidunt corrupti sit tenetur.',2022,10,13,'2024-12-06 15:24:01','2024-12-06 15:24:01'),(376,'Magni esse dolorem aut optio.',1972,8,13,'2024-12-06 15:24:01','2024-12-06 15:24:01'),(377,'Amet cupiditate aut et fuga vitae provident.',2023,9,16,'2024-12-06 15:24:01','2024-12-06 15:24:01'),(378,'Dolores eius voluptatem quibusdam harum.',1975,10,14,'2024-12-06 15:24:01','2024-12-06 15:24:01'),(379,'Nulla sed magnam cum dolores velit.',1995,10,15,'2024-12-06 15:24:01','2024-12-06 15:24:01'),(380,'Aperiam voluptas cumque minus consequatur exercitationem cum.',2009,10,14,'2024-12-06 15:24:01','2024-12-06 15:24:01'),(381,'Porro quia blanditiis quia ratione ex nihil aspernatur.',1989,10,13,'2024-12-06 15:24:01','2024-12-06 15:24:01'),(382,'Praesentium ut quia ut voluptatem.',1982,10,16,'2024-12-06 15:24:01','2024-12-06 15:24:01'),(383,'Minus ducimus nobis alias ut.',1988,10,14,'2024-12-06 15:24:01','2024-12-06 15:24:01'),(384,'Animi ducimus nemo asperiores quos sint perspiciatis quidem.',1978,8,15,'2024-12-06 15:24:01','2024-12-06 15:24:01'),(385,'Quis laudantium temporibus sapiente maxime nam.',2018,10,14,'2024-12-06 15:24:01','2024-12-06 15:24:01'),(386,'Aliquid vero illum omnis et soluta repudiandae vero.',1982,8,13,'2024-12-06 15:24:01','2024-12-06 15:24:01'),(387,'Commodi dicta omnis veniam dolores.',1984,10,16,'2024-12-06 15:24:01','2024-12-06 15:24:01'),(388,'Perspiciatis laudantium id recusandae sint quibusdam.',2011,11,16,'2024-12-06 15:24:01','2024-12-06 15:24:01'),(389,'Repudiandae nesciunt id eaque optio ipsa consequatur laboriosam.',2001,11,14,'2024-12-06 15:24:01','2024-12-06 15:24:01'),(390,'Omnis et placeat ipsa incidunt laborum magnam eligendi.',2010,9,15,'2024-12-06 15:24:01','2024-12-06 15:24:01'),(391,'Natus ab reprehenderit et est eligendi natus.',1980,10,15,'2024-12-06 15:24:01','2024-12-06 15:24:01'),(392,'Minima accusamus aut doloremque.',1987,11,13,'2024-12-06 15:24:01','2024-12-06 15:24:01'),(393,'Accusantium quis delectus architecto sequi.',2004,9,13,'2024-12-06 15:24:01','2024-12-06 15:24:01'),(394,'Rerum quae rem quis ad eos vero.',1973,8,13,'2024-12-06 15:24:01','2024-12-06 15:24:01'),(395,'Est voluptatum tempora rerum necessitatibus doloremque sequi vel qui.',1993,9,13,'2024-12-06 15:24:01','2024-12-06 15:24:01'),(396,'Sed odio quo repellat itaque.',2014,9,14,'2024-12-06 15:24:01','2024-12-06 15:24:01'),(397,'Placeat eligendi doloremque sequi porro.',1973,9,14,'2024-12-06 15:24:01','2024-12-06 15:24:01'),(398,'Est necessitatibus quia dignissimos molestias voluptatem repellat molestias.',2001,9,14,'2024-12-06 15:24:01','2024-12-06 15:24:01'),(399,'Voluptas quibusdam id et et nihil nulla.',2020,8,15,'2024-12-06 15:24:01','2024-12-06 15:24:01'),(400,'Pariatur ullam modi facilis quas sint.',2005,8,15,'2024-12-06 15:24:01','2024-12-06 15:24:01'),(401,'Corporis ex numquam sint ipsam fuga asperiores repudiandae.',2019,8,13,'2024-12-06 15:24:01','2024-12-06 15:24:01'),(402,'Amet ipsa aperiam aut esse architecto.',2010,10,16,'2024-12-06 15:24:01','2024-12-06 15:24:01'),(403,'Repellendus delectus sunt rerum qui consequatur.',1983,11,14,'2024-12-06 15:24:01','2024-12-06 15:24:01'),(404,'Aut placeat perferendis quia.',1971,8,14,'2024-12-06 15:24:01','2024-12-06 15:24:01'),(405,'Voluptatum enim ipsum natus velit.',2016,9,15,'2024-12-06 15:24:01','2024-12-06 15:24:01'),(406,'Eos nostrum eaque suscipit enim ipsum laborum accusamus.',2015,8,14,'2024-12-06 15:24:01','2024-12-06 15:24:01'),(407,'Qui ipsam quisquam cupiditate quia debitis voluptas id.',1971,9,15,'2024-12-06 15:24:01','2024-12-06 15:24:01'),(408,'Facilis nihil facilis reprehenderit dignissimos sapiente quis.',2017,8,14,'2024-12-06 15:24:01','2024-12-06 15:24:01'),(409,'Qui rerum ratione perferendis sit accusamus veniam occaecati autem.',1998,10,15,'2024-12-06 15:24:01','2024-12-06 15:24:01'),(410,'Quisquam fuga laboriosam est ut.',1987,9,14,'2024-12-06 15:24:01','2024-12-06 15:24:01'),(411,'Quis neque molestias eveniet vero ea dolores ipsam.',2015,11,14,'2024-12-06 15:24:01','2024-12-06 15:24:01'),(412,'Ratione ullam delectus quis doloribus amet ut nihil.',2007,11,15,'2024-12-06 15:24:01','2024-12-06 15:24:01'),(413,'Rem labore omnis minus quo rem modi est.',2013,10,15,'2024-12-06 15:24:01','2024-12-06 15:24:01'),(414,'Voluptate et cumque nulla occaecati ut rem non.',1986,8,15,'2024-12-06 15:24:01','2024-12-06 15:24:01'),(415,'Atque cumque nam et rem aliquid maxime.',1998,8,16,'2024-12-06 15:24:01','2024-12-06 15:24:01'),(416,'Rerum quasi ut qui dolorem velit id ipsa.',1985,8,13,'2024-12-06 15:24:01','2024-12-06 15:24:01'),(417,'Dicta consequatur est cum et fuga cum.',2008,11,14,'2024-12-06 15:24:01','2024-12-06 15:24:01'),(418,'Nihil aperiam voluptatem debitis non maxime veritatis impedit doloremque.',2012,8,14,'2024-12-06 15:24:01','2024-12-06 15:24:01'),(419,'Soluta eum id aut necessitatibus quibusdam occaecati velit error.',2009,9,14,'2024-12-06 15:24:01','2024-12-06 15:24:01'),(420,'Aut aut minima placeat quod.',1994,9,16,'2024-12-06 15:24:01','2024-12-06 15:24:01'),(421,'Recusandae quia mollitia itaque enim autem.',1973,8,16,'2024-12-06 15:24:01','2024-12-06 15:24:01'),(422,'Sit placeat rerum id dolorum dolor incidunt.',1997,11,13,'2024-12-06 15:24:01','2024-12-06 15:24:01'),(423,'Qui et magnam aut distinctio.',2024,11,13,'2024-12-06 15:24:01','2024-12-06 15:24:01'),(424,'Quibusdam atque quod non sequi.',2024,9,15,'2024-12-06 15:24:01','2024-12-06 15:24:01'),(425,'Vel ducimus tempora omnis qui dolorem.',2019,8,14,'2024-12-06 15:24:01','2024-12-06 15:24:01'),(426,'Dolorem consequatur incidunt tenetur eius.',1983,9,13,'2024-12-06 15:24:01','2024-12-06 15:24:01'),(427,'Nam mollitia accusamus adipisci consequatur omnis adipisci.',1986,9,14,'2024-12-06 15:24:01','2024-12-06 15:24:01'),(428,'Libero tenetur in inventore expedita earum.',2012,9,13,'2024-12-06 15:24:01','2024-12-06 15:24:01'),(429,'Et exercitationem perspiciatis qui non.',1987,8,15,'2024-12-06 15:24:01','2024-12-06 15:24:01'),(430,'Repellat provident ab iusto suscipit nulla aut incidunt.',1975,11,15,'2024-12-06 15:24:01','2024-12-06 15:24:01'),(431,'Quia ut veritatis rerum nesciunt aut ea ut.',1978,8,13,'2024-12-06 15:24:01','2024-12-06 15:24:01'),(432,'Nobis enim nesciunt vero.',1985,9,16,'2024-12-06 15:24:01','2024-12-06 15:24:01'),(433,'Nihil non dolorem officia ex molestiae veritatis.',1971,11,14,'2024-12-06 15:24:01','2024-12-06 15:24:01'),(434,'Totam recusandae eos nesciunt expedita aut qui iusto distinctio.',2004,10,13,'2024-12-06 15:24:01','2024-12-06 15:24:01'),(435,'Ex quibusdam sint minima dolor eaque earum quas minima.',1974,10,16,'2024-12-06 15:24:01','2024-12-06 15:24:01'),(436,'Nemo sequi eaque doloribus blanditiis sed aut mollitia.',2003,9,13,'2024-12-06 15:24:01','2024-12-06 15:24:01'),(437,'Accusantium tempora animi ullam repudiandae dignissimos magnam.',2015,9,15,'2024-12-06 15:24:01','2024-12-06 15:24:01'),(438,'Explicabo non asperiores odio occaecati.',2013,8,14,'2024-12-06 15:24:01','2024-12-06 15:24:01'),(439,'Dicta quam nihil tempore excepturi in aspernatur.',1984,10,14,'2024-12-06 15:24:01','2024-12-06 15:24:01'),(440,'Nulla quo facilis id qui molestiae ab.',2021,9,14,'2024-12-06 15:24:01','2024-12-06 15:24:01'),(441,'Molestiae omnis molestiae recusandae atque minus rerum quo.',1985,10,16,'2024-12-06 15:24:01','2024-12-06 15:24:01'),(442,'Dolores illo debitis ratione qui eius.',1990,11,14,'2024-12-06 15:24:01','2024-12-06 15:24:01'),(443,'Expedita unde dignissimos harum fuga.',1998,8,15,'2024-12-06 15:24:01','2024-12-06 15:24:01'),(444,'Est aut illum reiciendis assumenda in.',1997,10,13,'2024-12-06 15:24:01','2024-12-06 15:24:01'),(445,'Velit praesentium sit dolor omnis.',1991,9,16,'2024-12-06 15:24:01','2024-12-06 15:24:01'),(446,'Fuga dolor dolor ratione esse et animi ut suscipit.',2004,9,13,'2024-12-06 15:24:01','2024-12-06 15:24:01'),(447,'Facere sequi dolore exercitationem dolores non quisquam repudiandae.',1984,11,15,'2024-12-06 15:24:01','2024-12-06 15:24:01'),(448,'Sint voluptatum atque aut nihil fuga et.',1993,11,16,'2024-12-06 15:24:01','2024-12-06 15:24:01'),(449,'Saepe suscipit sed ut eum nam dignissimos.',1998,9,13,'2024-12-06 15:24:01','2024-12-06 15:24:01'),(450,'Asperiores eaque sunt iste voluptatem ipsum provident totam repellendus.',1979,10,13,'2024-12-06 15:24:01','2024-12-06 15:24:01'),(451,'Libero magnam sapiente ut sit occaecati quod.',1979,8,15,'2024-12-06 15:24:01','2024-12-06 15:24:01'),(452,'Vitae quis est in.',1975,11,15,'2024-12-06 15:24:01','2024-12-06 15:24:01'),(453,'Nostrum aut omnis voluptas sed sit id.',2008,11,14,'2024-12-06 15:24:01','2024-12-06 15:24:01'),(454,'Provident aspernatur illo aut quos vero et qui.',2012,8,14,'2024-12-06 15:24:01','2024-12-06 15:24:01'),(455,'Iure assumenda animi pariatur voluptatem facere cumque cumque.',2020,9,14,'2024-12-06 15:24:01','2024-12-06 15:24:01'),(456,'Dolor qui quia amet non sit.',1977,9,14,'2024-12-06 15:24:01','2024-12-06 15:24:01'),(457,'Nulla voluptates rerum et molestias deserunt suscipit qui.',1974,11,16,'2024-12-06 15:24:01','2024-12-06 15:24:01'),(458,'Dolores doloremque aspernatur optio sint et voluptatem.',2004,11,13,'2024-12-06 15:24:01','2024-12-06 15:24:01'),(459,'Non ipsum ex qui adipisci culpa.',1971,11,16,'2024-12-06 15:24:01','2024-12-06 15:24:01'),(460,'Dolores magnam laudantium commodi.',1988,9,15,'2024-12-06 15:24:01','2024-12-06 15:24:01'),(461,'Quisquam similique quia ut consectetur.',1978,9,16,'2024-12-06 15:24:01','2024-12-06 15:24:01'),(462,'Officia amet et atque voluptas eligendi et enim fugiat.',2010,11,16,'2024-12-06 15:24:01','2024-12-06 15:24:01'),(463,'Cumque dolore magni ipsam temporibus.',1976,11,14,'2024-12-06 15:24:01','2024-12-06 15:24:01'),(464,'Voluptates quo incidunt iste expedita sint.',2013,11,15,'2024-12-06 15:24:01','2024-12-06 15:24:01'),(465,'Eos hic et ut repellendus sit.',1980,10,15,'2024-12-06 15:24:01','2024-12-06 15:24:01'),(466,'Ea eveniet accusamus dolorem asperiores rem maxime ullam.',2020,11,14,'2024-12-06 15:24:01','2024-12-06 15:24:01'),(467,'Tempore ullam optio accusantium.',2019,8,13,'2024-12-06 15:24:01','2024-12-06 15:24:01'),(468,'Et aut facilis quia optio veritatis in alias magnam.',1970,11,14,'2024-12-06 15:24:01','2024-12-06 15:24:01'),(469,'Corporis cum quasi asperiores qui sapiente.',1986,9,14,'2024-12-06 15:24:01','2024-12-06 15:24:01'),(470,'Eligendi consectetur sit voluptatem quas quasi ducimus aspernatur nihil.',1985,9,14,'2024-12-06 15:24:01','2024-12-06 15:24:01'),(471,'Asperiores consequatur aut modi.',1980,9,16,'2024-12-06 15:24:01','2024-12-06 15:24:01'),(472,'Iste quas officiis similique nam veritatis.',1992,11,14,'2024-12-06 15:24:01','2024-12-06 15:24:01'),(473,'Non omnis non illum molestiae impedit deserunt qui assumenda.',1997,11,15,'2024-12-06 15:24:01','2024-12-06 15:24:01'),(474,'Corrupti aliquid qui culpa alias ab eos.',2017,8,14,'2024-12-06 15:24:01','2024-12-06 15:24:01'),(475,'Consequuntur omnis est placeat qui dolorem est sequi.',2012,10,13,'2024-12-06 15:24:01','2024-12-06 15:24:01'),(476,'Tempore dolor magnam ratione ad deserunt officiis.',1971,8,15,'2024-12-06 15:24:01','2024-12-06 15:24:01'),(477,'Suscipit atque ut natus placeat culpa modi nulla.',2018,9,16,'2024-12-06 15:24:01','2024-12-06 15:24:01'),(478,'Voluptas libero ipsum et et.',2011,11,13,'2024-12-06 15:24:01','2024-12-06 15:24:01'),(479,'Et ex esse incidunt praesentium cum sequi.',2021,11,16,'2024-12-06 15:24:01','2024-12-06 15:24:01'),(480,'Nulla velit impedit libero unde quia nulla nobis qui.',2002,10,13,'2024-12-06 15:24:01','2024-12-06 15:24:01'),(481,'Ducimus voluptatem optio sit in et nesciunt.',2006,9,16,'2024-12-06 15:24:01','2024-12-06 15:24:01'),(482,'Rerum illum eveniet excepturi autem voluptatibus sit.',2022,9,16,'2024-12-06 15:24:01','2024-12-06 15:24:01'),(483,'Et dicta magnam sunt voluptatem quis aut.',1995,11,16,'2024-12-06 15:24:01','2024-12-06 15:24:01'),(484,'Voluptatum et id quia alias perferendis consectetur molestiae.',1971,11,15,'2024-12-06 15:24:01','2024-12-06 15:24:01'),(485,'Ab sit reprehenderit quasi cupiditate.',1971,11,16,'2024-12-06 15:24:01','2024-12-06 15:24:01'),(486,'Exercitationem eum ut deserunt exercitationem omnis recusandae ut.',1981,10,15,'2024-12-06 15:24:01','2024-12-06 15:24:01'),(487,'Ab dolore autem expedita dolore autem corporis et.',1987,9,16,'2024-12-06 15:24:01','2024-12-06 15:24:01'),(488,'Est maxime fuga ratione deserunt voluptatem nihil.',1992,9,16,'2024-12-06 15:24:01','2024-12-06 15:24:01'),(489,'Voluptatum voluptas autem officiis iure quis officiis molestiae.',1971,11,14,'2024-12-06 15:24:01','2024-12-06 15:24:01'),(490,'Qui quia accusamus eligendi quisquam.',1998,9,14,'2024-12-06 15:24:01','2024-12-06 15:24:01'),(491,'Omnis laborum quisquam sint eos impedit quia nam et.',2011,8,14,'2024-12-06 15:24:01','2024-12-06 15:24:01'),(492,'Quaerat exercitationem iusto est non nesciunt commodi nam reiciendis.',1997,10,15,'2024-12-06 15:24:01','2024-12-06 15:24:01'),(493,'Dolor quia enim quis eum enim voluptate.',1982,8,16,'2024-12-06 15:24:01','2024-12-06 15:24:01'),(494,'Aut eveniet non sunt rerum.',1991,8,14,'2024-12-06 15:24:01','2024-12-06 15:24:01'),(495,'Animi impedit eligendi ullam quam.',1990,8,16,'2024-12-06 15:24:01','2024-12-06 15:24:01'),(496,'Fuga exercitationem incidunt illo dolorem sit et mollitia.',1997,11,16,'2024-12-06 15:24:01','2024-12-06 15:24:01'),(497,'Nesciunt ut veniam totam quia ipsum exercitationem ipsa.',1987,10,13,'2024-12-06 15:24:01','2024-12-06 15:24:01'),(498,'Nihil numquam rerum ipsum consequatur quibusdam vero.',1975,9,16,'2024-12-06 15:24:01','2024-12-06 15:24:01'),(499,'Est quod et dicta doloremque reprehenderit quibusdam rerum molestias.',1971,10,13,'2024-12-06 15:24:01','2024-12-06 15:24:01'),(500,'Assumenda enim dolorum itaque qui ex voluptatem.',1992,10,15,'2024-12-06 15:24:01','2024-12-06 15:24:01'),(501,'Aspernatur deleniti in adipisci eos molestiae.',1986,9,14,'2024-12-06 15:24:01','2024-12-06 15:24:01'),(502,'Ratione aut eius nam mollitia rerum ullam et consequatur.',2012,11,14,'2024-12-06 15:24:01','2024-12-06 15:24:01'),(503,'Et optio est debitis sit.',2020,8,14,'2024-12-06 15:24:01','2024-12-06 15:24:01'),(504,'Eum qui nam modi est dolorum voluptatem et.',1978,8,16,'2024-12-06 15:24:01','2024-12-06 15:24:01'),(505,'Dolores in est id maxime itaque consequatur nihil molestiae.',1989,11,13,'2024-12-06 15:24:01','2024-12-06 15:24:01'),(506,'Quos totam incidunt sit earum sit amet quis voluptate.',1972,10,16,'2024-12-06 15:24:01','2024-12-06 15:24:01');
/*!40000 ALTER TABLE `books` ENABLE KEYS */;
UNLOCK TABLES;

--
-- Table structure for table `cache`
--

DROP TABLE IF EXISTS `cache`;
/*!40101 SET @saved_cs_client     = @@character_set_client */;
/*!50503 SET character_set_client = utf8mb4 */;
CREATE TABLE `cache` (
  `key` varchar(255) COLLATE utf8mb4_unicode_ci NOT NULL,
  `value` mediumtext COLLATE utf8mb4_unicode_ci NOT NULL,
  `expiration` int NOT NULL,
  PRIMARY KEY (`key`)
) ENGINE=InnoDB DEFAULT CHARSET=utf8mb4 COLLATE=utf8mb4_unicode_ci;
/*!40101 SET character_set_client = @saved_cs_client */;

--
-- Dumping data for table `cache`
--

LOCK TABLES `cache` WRITE;
/*!40000 ALTER TABLE `cache` DISABLE KEYS */;
/*!40000 ALTER TABLE `cache` ENABLE KEYS */;
UNLOCK TABLES;

--
-- Table structure for table `cache_locks`
--

DROP TABLE IF EXISTS `cache_locks`;
/*!40101 SET @saved_cs_client     = @@character_set_client */;
/*!50503 SET character_set_client = utf8mb4 */;
CREATE TABLE `cache_locks` (
  `key` varchar(255) COLLATE utf8mb4_unicode_ci NOT NULL,
  `owner` varchar(255) COLLATE utf8mb4_unicode_ci NOT NULL,
  `expiration` int NOT NULL,
  PRIMARY KEY (`key`)
) ENGINE=InnoDB DEFAULT CHARSET=utf8mb4 COLLATE=utf8mb4_unicode_ci;
/*!40101 SET character_set_client = @saved_cs_client */;

--
-- Dumping data for table `cache_locks`
--

LOCK TABLES `cache_locks` WRITE;
/*!40000 ALTER TABLE `cache_locks` DISABLE KEYS */;
/*!40000 ALTER TABLE `cache_locks` ENABLE KEYS */;
UNLOCK TABLES;

--
-- Table structure for table `categories`
--

DROP TABLE IF EXISTS `categories`;
/*!40101 SET @saved_cs_client     = @@character_set_client */;
/*!50503 SET character_set_client = utf8mb4 */;
CREATE TABLE `categories` (
  `id` bigint unsigned NOT NULL AUTO_INCREMENT,
  `name` varchar(255) COLLATE utf8mb4_unicode_ci NOT NULL,
  `created_at` timestamp NULL DEFAULT NULL,
  `updated_at` timestamp NULL DEFAULT NULL,
  PRIMARY KEY (`id`)
) ENGINE=InnoDB AUTO_INCREMENT=12 DEFAULT CHARSET=utf8mb4 COLLATE=utf8mb4_unicode_ci;
/*!40101 SET character_set_client = @saved_cs_client */;

--
-- Dumping data for table `categories`
--

LOCK TABLES `categories` WRITE;
/*!40000 ALTER TABLE `categories` DISABLE KEYS */;
INSERT INTO `categories` VALUES (2,'Non Fiksi','2024-12-06 09:56:01','2024-12-06 09:56:01'),(4,'recusandae','2024-12-06 15:21:48','2024-12-06 15:21:48'),(5,'hic','2024-12-06 15:21:48','2024-12-06 15:21:48'),(6,'laboriosam','2024-12-06 15:21:48','2024-12-06 15:21:48'),(7,'et','2024-12-06 15:21:48','2024-12-06 15:21:48'),(8,'atque','2024-12-06 15:24:00','2024-12-06 15:24:00'),(9,'reprehenderit','2024-12-06 15:24:01','2024-12-06 15:24:01'),(10,'perferendis','2024-12-06 15:24:01','2024-12-06 15:24:01'),(11,'doloribus','2024-12-06 15:24:01','2024-12-06 15:24:01');
/*!40000 ALTER TABLE `categories` ENABLE KEYS */;
UNLOCK TABLES;

--
-- Table structure for table `failed_jobs`
--

DROP TABLE IF EXISTS `failed_jobs`;
/*!40101 SET @saved_cs_client     = @@character_set_client */;
/*!50503 SET character_set_client = utf8mb4 */;
CREATE TABLE `failed_jobs` (
  `id` bigint unsigned NOT NULL AUTO_INCREMENT,
  `uuid` varchar(255) COLLATE utf8mb4_unicode_ci NOT NULL,
  `connection` text COLLATE utf8mb4_unicode_ci NOT NULL,
  `queue` text COLLATE utf8mb4_unicode_ci NOT NULL,
  `payload` longtext COLLATE utf8mb4_unicode_ci NOT NULL,
  `exception` longtext COLLATE utf8mb4_unicode_ci NOT NULL,
  `failed_at` timestamp NOT NULL DEFAULT CURRENT_TIMESTAMP,
  PRIMARY KEY (`id`),
  UNIQUE KEY `failed_jobs_uuid_unique` (`uuid`)
) ENGINE=InnoDB DEFAULT CHARSET=utf8mb4 COLLATE=utf8mb4_unicode_ci;
/*!40101 SET character_set_client = @saved_cs_client */;

--
-- Dumping data for table `failed_jobs`
--

LOCK TABLES `failed_jobs` WRITE;
/*!40000 ALTER TABLE `failed_jobs` DISABLE KEYS */;
/*!40000 ALTER TABLE `failed_jobs` ENABLE KEYS */;
UNLOCK TABLES;

--
-- Table structure for table `job_batches`
--

DROP TABLE IF EXISTS `job_batches`;
/*!40101 SET @saved_cs_client     = @@character_set_client */;
/*!50503 SET character_set_client = utf8mb4 */;
CREATE TABLE `job_batches` (
  `id` varchar(255) COLLATE utf8mb4_unicode_ci NOT NULL,
  `name` varchar(255) COLLATE utf8mb4_unicode_ci NOT NULL,
  `total_jobs` int NOT NULL,
  `pending_jobs` int NOT NULL,
  `failed_jobs` int NOT NULL,
  `failed_job_ids` longtext COLLATE utf8mb4_unicode_ci NOT NULL,
  `options` mediumtext COLLATE utf8mb4_unicode_ci,
  `cancelled_at` int DEFAULT NULL,
  `created_at` int NOT NULL,
  `finished_at` int DEFAULT NULL,
  PRIMARY KEY (`id`)
) ENGINE=InnoDB DEFAULT CHARSET=utf8mb4 COLLATE=utf8mb4_unicode_ci;
/*!40101 SET character_set_client = @saved_cs_client */;

--
-- Dumping data for table `job_batches`
--

LOCK TABLES `job_batches` WRITE;
/*!40000 ALTER TABLE `job_batches` DISABLE KEYS */;
/*!40000 ALTER TABLE `job_batches` ENABLE KEYS */;
UNLOCK TABLES;

--
-- Table structure for table `jobs`
--

DROP TABLE IF EXISTS `jobs`;
/*!40101 SET @saved_cs_client     = @@character_set_client */;
/*!50503 SET character_set_client = utf8mb4 */;
CREATE TABLE `jobs` (
  `id` bigint unsigned NOT NULL AUTO_INCREMENT,
  `queue` varchar(255) COLLATE utf8mb4_unicode_ci NOT NULL,
  `payload` longtext COLLATE utf8mb4_unicode_ci NOT NULL,
  `attempts` tinyint unsigned NOT NULL,
  `reserved_at` int unsigned DEFAULT NULL,
  `available_at` int unsigned NOT NULL,
  `created_at` int unsigned NOT NULL,
  PRIMARY KEY (`id`),
  KEY `jobs_queue_index` (`queue`)
) ENGINE=InnoDB DEFAULT CHARSET=utf8mb4 COLLATE=utf8mb4_unicode_ci;
/*!40101 SET character_set_client = @saved_cs_client */;

--
-- Dumping data for table `jobs`
--

LOCK TABLES `jobs` WRITE;
/*!40000 ALTER TABLE `jobs` DISABLE KEYS */;
/*!40000 ALTER TABLE `jobs` ENABLE KEYS */;
UNLOCK TABLES;

--
-- Table structure for table `migrations`
--

DROP TABLE IF EXISTS `migrations`;
/*!40101 SET @saved_cs_client     = @@character_set_client */;
/*!50503 SET character_set_client = utf8mb4 */;
CREATE TABLE `migrations` (
  `id` int unsigned NOT NULL AUTO_INCREMENT,
  `migration` varchar(255) COLLATE utf8mb4_unicode_ci NOT NULL,
  `batch` int NOT NULL,
  PRIMARY KEY (`id`)
) ENGINE=InnoDB AUTO_INCREMENT=8 DEFAULT CHARSET=utf8mb4 COLLATE=utf8mb4_unicode_ci;
/*!40101 SET character_set_client = @saved_cs_client */;

--
-- Dumping data for table `migrations`
--

LOCK TABLES `migrations` WRITE;
/*!40000 ALTER TABLE `migrations` DISABLE KEYS */;
INSERT INTO `migrations` VALUES (1,'0001_01_01_000000_create_users_table',1),(2,'0001_01_01_000001_create_cache_table',1),(3,'0001_01_01_000002_create_jobs_table',1),(4,'2024_12_06_064330_create_authors_table',2),(5,'2024_12_06_094330_create_categories_table',3),(6,'2024_12_06_121537_create_books_table',4),(7,'2024_12_06_141150_create_personal_access_tokens_table',5);
/*!40000 ALTER TABLE `migrations` ENABLE KEYS */;
UNLOCK TABLES;

--
-- Table structure for table `password_reset_tokens`
--

DROP TABLE IF EXISTS `password_reset_tokens`;
/*!40101 SET @saved_cs_client     = @@character_set_client */;
/*!50503 SET character_set_client = utf8mb4 */;
CREATE TABLE `password_reset_tokens` (
  `email` varchar(255) COLLATE utf8mb4_unicode_ci NOT NULL,
  `token` varchar(255) COLLATE utf8mb4_unicode_ci NOT NULL,
  `created_at` timestamp NULL DEFAULT NULL,
  PRIMARY KEY (`email`)
) ENGINE=InnoDB DEFAULT CHARSET=utf8mb4 COLLATE=utf8mb4_unicode_ci;
/*!40101 SET character_set_client = @saved_cs_client */;

--
-- Dumping data for table `password_reset_tokens`
--

LOCK TABLES `password_reset_tokens` WRITE;
/*!40000 ALTER TABLE `password_reset_tokens` DISABLE KEYS */;
/*!40000 ALTER TABLE `password_reset_tokens` ENABLE KEYS */;
UNLOCK TABLES;

--
-- Table structure for table `personal_access_tokens`
--

DROP TABLE IF EXISTS `personal_access_tokens`;
/*!40101 SET @saved_cs_client     = @@character_set_client */;
/*!50503 SET character_set_client = utf8mb4 */;
CREATE TABLE `personal_access_tokens` (
  `id` bigint unsigned NOT NULL AUTO_INCREMENT,
  `tokenable_type` varchar(255) COLLATE utf8mb4_unicode_ci NOT NULL,
  `tokenable_id` bigint unsigned NOT NULL,
  `name` varchar(255) COLLATE utf8mb4_unicode_ci NOT NULL,
  `token` varchar(64) COLLATE utf8mb4_unicode_ci NOT NULL,
  `abilities` text COLLATE utf8mb4_unicode_ci,
  `last_used_at` timestamp NULL DEFAULT NULL,
  `expires_at` timestamp NULL DEFAULT NULL,
  `created_at` timestamp NULL DEFAULT NULL,
  `updated_at` timestamp NULL DEFAULT NULL,
  PRIMARY KEY (`id`),
  UNIQUE KEY `personal_access_tokens_token_unique` (`token`),
  KEY `personal_access_tokens_tokenable_type_tokenable_id_index` (`tokenable_type`,`tokenable_id`)
) ENGINE=InnoDB DEFAULT CHARSET=utf8mb4 COLLATE=utf8mb4_unicode_ci;
/*!40101 SET character_set_client = @saved_cs_client */;

--
-- Dumping data for table `personal_access_tokens`
--

LOCK TABLES `personal_access_tokens` WRITE;
/*!40000 ALTER TABLE `personal_access_tokens` DISABLE KEYS */;
/*!40000 ALTER TABLE `personal_access_tokens` ENABLE KEYS */;
UNLOCK TABLES;

--
-- Table structure for table `sessions`
--

DROP TABLE IF EXISTS `sessions`;
/*!40101 SET @saved_cs_client     = @@character_set_client */;
/*!50503 SET character_set_client = utf8mb4 */;
CREATE TABLE `sessions` (
  `id` varchar(255) COLLATE utf8mb4_unicode_ci NOT NULL,
  `user_id` bigint unsigned DEFAULT NULL,
  `ip_address` varchar(45) COLLATE utf8mb4_unicode_ci DEFAULT NULL,
  `user_agent` text COLLATE utf8mb4_unicode_ci,
  `payload` longtext COLLATE utf8mb4_unicode_ci NOT NULL,
  `last_activity` int NOT NULL,
  PRIMARY KEY (`id`),
  KEY `sessions_user_id_index` (`user_id`),
  KEY `sessions_last_activity_index` (`last_activity`)
) ENGINE=InnoDB DEFAULT CHARSET=utf8mb4 COLLATE=utf8mb4_unicode_ci;
/*!40101 SET character_set_client = @saved_cs_client */;

--
-- Dumping data for table `sessions`
--

LOCK TABLES `sessions` WRITE;
/*!40000 ALTER TABLE `sessions` DISABLE KEYS */;
INSERT INTO `sessions` VALUES ('pre8Mkn35dHhAwhkrY8ek6N2nawzHeZnrDGRgmO6',1,'127.0.0.1','Mozilla/5.0 (Macintosh; Intel Mac OS X 10.15; rv:133.0) Gecko/20100101 Firefox/133.0','YTo1OntzOjY6Il90b2tlbiI7czo0MDoiWkNGeHlnQ0k4MHR1a2cyM3AxeVlxNm1rYWN6a05abEZHR1I3UUh4UCI7czo2OiJfZmxhc2giO2E6Mjp7czozOiJvbGQiO2E6MDp7fXM6MzoibmV3IjthOjA6e319czo5OiJfcHJldmlvdXMiO2E6MTp7czozOiJ1cmwiO3M6MzY6Imh0dHA6Ly9sb2NhbGhvc3Q6ODAwMC9ib29rcy80MjgvZWRpdCI7fXM6MzoidXJsIjthOjA6e31zOjUwOiJsb2dpbl93ZWJfNTliYTM2YWRkYzJiMmY5NDAxNTgwZjAxNGM3ZjU4ZWE0ZTMwOTg5ZCI7aToxO30=',1733498729),('QEgLuX0w5gjsU0StCOm0moZ0LlDhrwITJGlHcN5Q',NULL,'127.0.0.1','PostmanRuntime/7.43.0','YTozOntzOjY6Il90b2tlbiI7czo0MDoibGhXMERITGlOSXQ5bnhvSDd0UGRmRElpM2RBUFVWc0tsNmc4VndBSiI7czo5OiJfcHJldmlvdXMiO2E6MTp7czozOiJ1cmwiO3M6MjE6Imh0dHA6Ly9sb2NhbGhvc3Q6ODAwMCI7fXM6NjoiX2ZsYXNoIjthOjI6e3M6Mzoib2xkIjthOjA6e31zOjM6Im5ldyI7YTowOnt9fX0=',1733496260);
/*!40000 ALTER TABLE `sessions` ENABLE KEYS */;
UNLOCK TABLES;

--
-- Table structure for table `users`
--

DROP TABLE IF EXISTS `users`;
/*!40101 SET @saved_cs_client     = @@character_set_client */;
/*!50503 SET character_set_client = utf8mb4 */;
CREATE TABLE `users` (
  `id` bigint unsigned NOT NULL AUTO_INCREMENT,
  `name` varchar(255) COLLATE utf8mb4_unicode_ci NOT NULL,
  `email` varchar(255) COLLATE utf8mb4_unicode_ci NOT NULL,
  `email_verified_at` timestamp NULL DEFAULT NULL,
  `password` varchar(255) COLLATE utf8mb4_unicode_ci NOT NULL,
  `remember_token` varchar(100) COLLATE utf8mb4_unicode_ci DEFAULT NULL,
  `created_at` timestamp NULL DEFAULT NULL,
  `updated_at` timestamp NULL DEFAULT NULL,
  PRIMARY KEY (`id`),
  UNIQUE KEY `users_email_unique` (`email`)
) ENGINE=InnoDB AUTO_INCREMENT=3 DEFAULT CHARSET=utf8mb4 COLLATE=utf8mb4_unicode_ci;
/*!40101 SET character_set_client = @saved_cs_client */;

--
-- Dumping data for table `users`
--

LOCK TABLES `users` WRITE;
/*!40000 ALTER TABLE `users` DISABLE KEYS */;
INSERT INTO `users` VALUES (1,'Test User','test@example.com','2024-12-06 06:38:08','$2y$12$pAhWe9mFQRg11eXYl6LF/OvLnDMJ4jSKviVSAi84fbDaAdxV9vnKG','6bD3wT53CBOYSuU5IREUhUdh20reeMWdol8zstQ8ZQC4vCGlz4NRXEv8k7CX','2024-12-06 06:38:08','2024-12-06 06:38:08');
/*!40000 ALTER TABLE `users` ENABLE KEYS */;
UNLOCK TABLES;
/*!40103 SET TIME_ZONE=@OLD_TIME_ZONE */;

/*!40101 SET SQL_MODE=@OLD_SQL_MODE */;
/*!40014 SET FOREIGN_KEY_CHECKS=@OLD_FOREIGN_KEY_CHECKS */;
/*!40014 SET UNIQUE_CHECKS=@OLD_UNIQUE_CHECKS */;
/*!40101 SET CHARACTER_SET_CLIENT=@OLD_CHARACTER_SET_CLIENT */;
/*!40101 SET CHARACTER_SET_RESULTS=@OLD_CHARACTER_SET_RESULTS */;
/*!40101 SET COLLATION_CONNECTION=@OLD_COLLATION_CONNECTION */;
/*!40111 SET SQL_NOTES=@OLD_SQL_NOTES */;

-- Dump completed on 2024-12-06 15:30:33
